method,mean,sd,min,max
Meta-Analysis,3.0843332043535594,1.7563877833268857,0.7214682249817383,5.356924968780163
Bayesian,3.1674472647562553,1.7090889757876995,0.7031397244036152,5.44367869955177
Robust (Median),3.3144444444444447,1.3749350994784364,1.24,5.035
Simple Average,3.5677777777777777,1.464187298279986,1.2899999999999998,5.34
Expert Judgment,3.6843864290355515,1.4648586966004302,1.2899999999999998,5.340000000000001
Sample Size Weighted,3.841641601329248,1.609699571222714,1.2385714285714284,5.7335
